zip_code,week,treated,revenue,market_size
94104,1,1,38.96,16.15
94104,2,1,48.02,16.15
94104,3,1,44.96,16.15
94104,4,1,48.56,16.15
94104,5,1,48.6,16.15
94104,6,1,43.06,16.15
94104,7,1,44.96,16.15
94104,8,1,41.38,16.15
94104,9,1,49.97,16.15
94104,10,1,47.53,16.15
94104,11,1,53.42,16.15
94104,12,1,52.26,16.15
94104,13,1,50.44,16.15
94104,14,1,57.46,16.15
94104,15,1,59.89,16.15
94104,16,1,58.1,16.15
94104,17,1,53.9,16.15
94104,18,1,55.83,16.15
94104,19,1,58.14,16.15
94104,20,1,55.47,16.15
46203,1,1,58.61,42.59
46203,2,1,56.78,42.59
46203,3,1,61.66,42.59
46203,4,1,54.15,42.59
46203,5,1,46.58,42.59
46203,6,1,54.31,42.59
46203,7,1,53.22,42.59
46203,8,1,55.14,42.59
46203,9,1,60.23,42.59
46203,10,1,53.52,42.59
46203,11,1,58.91,42.59
46203,12,1,59.73,42.59
46203,13,1,68.4,42.59
46203,14,1,60.81,42.59
46203,15,1,63.24,42.59
46203,16,1,68.26,42.59
46203,17,1,64.98,42.59
46203,18,1,56.49,42.59
46203,19,1,62.06,42.59
46203,20,1,61.82,42.59
05401,1,1,48.59,28.48
05401,2,1,52.65,28.48
05401,3,1,46.18,28.48
05401,4,1,55.58,28.48
05401,5,1,54.89,28.48
05401,6,1,53.01,28.48
05401,7,1,49.97,28.48
05401,8,1,59.84,28.48
05401,9,1,54.22,28.48
05401,10,1,59.48,28.48
05401,11,1,62.07,28.48
05401,12,1,67.09,28.48
05401,13,1,64.73,28.48
05401,14,1,63.57,28.48
05401,15,1,60.98,28.48
05401,16,1,67.66,28.48
05401,17,1,63.41,28.48
05401,18,1,61.85,28.48
05401,19,1,64.08,28.48
05401,20,1,64.68,28.48
30308,1,1,62.19,31.11
30308,2,1,54.19,31.11
30308,3,1,67.25,31.11
30308,4,1,61.75,31.11
30308,5,1,60.58,31.11
30308,6,1,62.22,31.11
30308,7,1,56.56,31.11
30308,8,1,61.79,31.11
30308,9,1,63.63,31.11
30308,10,1,61.06,31.11
30308,11,1,69.77,31.11
30308,12,1,70.85,31.11
30308,13,1,66.54,31.11
30308,14,1,72.74,31.11
30308,15,1,69.08,31.11
30308,16,1,75.24,31.11
30308,17,1,73.71,31.11
30308,18,1,71.26,31.11
30308,19,1,67.87,31.11
30308,20,1,70.24,31.11
63101,1,1,69.72,26.04
63101,2,1,65.28,26.04
63101,3,1,68.52,26.04
63101,4,1,69.13,26.04
63101,5,1,67.41,26.04
63101,6,1,65.55,26.04
63101,7,1,73.07,26.04
63101,8,1,69.96,26.04
63101,9,1,67.9,26.04
63101,10,1,66.69,26.04
63101,11,1,78.02,26.04
63101,12,1,75.38,26.04
63101,13,1,78.79,26.04
63101,14,1,73.35,26.04
63101,15,1,77.29,26.04
63101,16,1,75.21,26.04
63101,17,1,82.13,26.04
63101,18,1,78.28,26.04
63101,19,1,74.45,26.04
63101,20,1,80.5,26.04
46204,1,0,52.21,21.17
46204,2,0,47.76,21.17
46204,3,0,46.61,21.17
46204,4,0,42.69,21.17
46204,5,0,52.86,21.17
46204,6,0,44.56,21.17
46204,7,0,49.94,21.17
46204,8,0,45.17,21.17
46204,9,0,56.02,21.17
46204,10,0,54.88,21.17
46204,11,0,52.04,21.17
46204,12,0,54.55,21.17
46204,13,0,51.27,21.17
46204,14,0,49.45,21.17
46204,15,0,47.16,21.17
46204,16,0,54.83,21.17
46204,17,0,49.69,21.17
46204,18,0,60.56,21.17
46204,19,0,49.91,21.17
46204,20,0,56.54,21.17
84103,1,0,42.45,30.5
84103,2,0,34.86,30.5
84103,3,0,37.8,30.5
84103,4,0,38.72,30.5
84103,5,0,50.12,30.5
84103,6,0,39.2,30.5
84103,7,0,36.78,30.5
84103,8,0,41.94,30.5
84103,9,0,37.58,30.5
84103,10,0,40.8,30.5
84103,11,0,39.89,30.5
84103,12,0,43.07,30.5
84103,13,0,40.09,30.5
84103,14,0,39.95,30.5
84103,15,0,45.54,30.5
84103,16,0,43.43,30.5
84103,17,0,42.92,30.5
84103,18,0,37.32,30.5
84103,19,0,45.22,30.5
84103,20,0,42.21,30.5
29405,1,0,59.05,19.87
29405,2,0,52.95,19.87
29405,3,0,59.58,19.87
29405,4,0,59.59,19.87
29405,5,0,58.58,19.87
29405,6,0,56.88,19.87
29405,7,0,63.3,19.87
29405,8,0,57.82,19.87
29405,9,0,63.06,19.87
29405,10,0,63.73,19.87
29405,11,0,58.35,19.87
29405,12,0,63.36,19.87
29405,13,0,60.09,19.87
29405,14,0,63.56,19.87
29405,15,0,59.1,19.87
29405,16,0,61.82,19.87
29405,17,0,62.66,19.87
29405,18,0,62.6,19.87
29405,19,0,64.1,19.87
29405,20,0,60.79,19.87
23223,1,0,61.22,38.17
23223,2,0,65.28,38.17
23223,3,0,62.17,38.17
23223,4,0,62.18,38.17
23223,5,0,61.41,38.17
23223,6,0,62.81,38.17
23223,7,0,61.38,38.17
23223,8,0,66.91,38.17
23223,9,0,63.64,38.17
23223,10,0,62.0,38.17
23223,11,0,64.9,38.17
23223,12,0,61.58,38.17
23223,13,0,63.47,38.17
23223,14,0,70.36,38.17
23223,15,0,63.3,38.17
23223,16,0,66.4,38.17
23223,17,0,73.71,38.17
23223,18,0,68.1,38.17
23223,19,0,66.08,38.17
23223,20,0,61.92,38.17
23222,1,0,63.18,11.77
23222,2,0,60.64,11.77
23222,3,0,64.88,11.77
23222,4,0,61.44,11.77
23222,5,0,64.56,11.77
23222,6,0,68.33,11.77
23222,7,0,66.27,11.77
23222,8,0,60.56,11.77
23222,9,0,65.05,11.77
23222,10,0,67.93,11.77
23222,11,0,60.75,11.77
23222,12,0,70.63,11.77
23222,13,0,66.26,11.77
23222,14,0,67.83,11.77
23222,15,0,65.33,11.77
23222,16,0,66.76,11.77
23222,17,0,64.2,11.77
23222,18,0,71.79,11.77
23222,19,0,72.79,11.77
23222,20,0,74.12,11.77
96802,1,0,49.41,33.75
96802,2,0,55.96,33.75
96802,3,0,56.53,33.75
96802,4,0,53.38,33.75
96802,5,0,56.88,33.75
96802,6,0,51.71,33.75
96802,7,0,60.7,33.75
96802,8,0,51.95,33.75
96802,9,0,57.56,33.75
96802,10,0,59.44,33.75
96802,11,0,55.54,33.75
96802,12,0,61.72,33.75
96802,13,0,52.39,33.75
96802,14,0,58.04,33.75
96802,15,0,53.33,33.75
96802,16,0,56.34,33.75
96802,17,0,57.44,33.75
96802,18,0,57.52,33.75
96802,19,0,63.26,33.75
96802,20,0,56.19,33.75
48202,1,0,65.34,16.75
48202,2,0,68.97,16.75
48202,3,0,70.86,16.75
48202,4,0,72.3,16.75
48202,5,0,74.51,16.75
48202,6,0,64.86,16.75
48202,7,0,76.64,16.75
48202,8,0,69.39,16.75
48202,9,0,71.27,16.75
48202,10,0,72.44,16.75
48202,11,0,66.12,16.75
48202,12,0,71.6,16.75
48202,13,0,76.13,16.75
48202,14,0,75.31,16.75
48202,15,0,72.18,16.75
48202,16,0,74.58,16.75
48202,17,0,75.59,16.75
48202,18,0,73.7,16.75
48202,19,0,76.21,16.75
48202,20,0,72.6,16.75
04103,1,0,44.42,28.21
04103,2,0,46.63,28.21
04103,3,0,40.54,28.21
04103,4,0,50.13,28.21
04103,5,0,48.56,28.21
04103,6,0,47.91,28.21
04103,7,0,51.23,28.21
04103,8,0,50.26,28.21
04103,9,0,52.56,28.21
04103,10,0,54.37,28.21
04103,11,0,50.88,28.21
04103,12,0,48.0,28.21
04103,13,0,52.59,28.21
04103,14,0,48.53,28.21
04103,15,0,48.66,28.21
04103,16,0,50.33,28.21
04103,17,0,54.95,28.21
04103,18,0,53.99,28.21
04103,19,0,54.66,28.21
04103,20,0,52.63,28.21
89101,1,0,67.7,9.15
89101,2,0,68.06,9.15
89101,3,0,64.45,9.15
89101,4,0,68.55,9.15
89101,5,0,67.03,9.15
89101,6,0,66.09,9.15
89101,7,0,66.5,9.15
89101,8,0,66.18,9.15
89101,9,0,67.26,9.15
89101,10,0,68.34,9.15
89101,11,0,70.62,9.15
89101,12,0,73.42,9.15
89101,13,0,70.86,9.15
89101,14,0,69.77,9.15
89101,15,0,63.68,9.15
89101,16,0,77.2,9.15
89101,17,0,68.08,9.15
89101,18,0,68.44,9.15
89101,19,0,74.52,9.15
89101,20,0,67.69,9.15
23219,1,0,39.51,22.99
23219,2,0,37.27,22.99
23219,3,0,38.17,22.99
23219,4,0,39.34,22.99
23219,5,0,35.87,22.99
23219,6,0,39.34,22.99
23219,7,0,43.05,22.99
23219,8,0,40.02,22.99
23219,9,0,51.0,22.99
23219,10,0,41.04,22.99
23219,11,0,37.44,22.99
23219,12,0,39.73,22.99
23219,13,0,35.75,22.99
23219,14,0,45.05,22.99
23219,15,0,46.9,22.99
23219,16,0,44.87,22.99
23219,17,0,40.09,22.99
23219,18,0,40.25,22.99
23219,19,0,45.34,22.99
23219,20,0,41.83,22.99
94108,1,0,24.76,18.62
94108,2,0,24.68,18.62
94108,3,0,33.47,18.62
94108,4,0,26.74,18.62
94108,5,0,30.89,18.62
94108,6,0,30.3,18.62
94108,7,0,26.37,18.62
94108,8,0,29.3,18.62
94108,9,0,26.44,18.62
94108,10,0,34.05,18.62
94108,11,0,27.24,18.62
94108,12,0,31.33,18.62
94108,13,0,29.01,18.62
94108,14,0,27.98,18.62
94108,15,0,34.25,18.62
94108,16,0,29.72,18.62
94108,17,0,26.06,18.62
94108,18,0,33.09,18.62
94108,19,0,29.95,18.62
94108,20,0,32.81,18.62
33101,1,0,40.8,19.64
33101,2,0,39.56,19.64
33101,3,0,41.42,19.64
33101,4,0,35.13,19.64
33101,5,0,42.88,19.64
33101,6,0,38.65,19.64
33101,7,0,35.53,19.64
33101,8,0,32.71,19.64
33101,9,0,39.41,19.64
33101,10,0,38.24,19.64
33101,11,0,38.55,19.64
33101,12,0,42.13,19.64
33101,13,0,46.55,19.64
33101,14,0,38.95,19.64
33101,15,0,42.19,19.64
33101,16,0,40.48,19.64
33101,17,0,39.48,19.64
33101,18,0,39.66,19.64
33101,19,0,47.9,19.64
33101,20,0,43.27,19.64
98106,1,0,43.68,8.3
98106,2,0,42.46,8.3
98106,3,0,44.98,8.3
98106,4,0,43.13,8.3
98106,5,0,51.1,8.3
98106,6,0,46.33,8.3
98106,7,0,46.25,8.3
98106,8,0,46.45,8.3
98106,9,0,50.28,8.3
98106,10,0,46.56,8.3
98106,11,0,45.46,8.3
98106,12,0,47.63,8.3
98106,13,0,49.79,8.3
98106,14,0,51.22,8.3
98106,15,0,48.58,8.3
98106,16,0,48.89,8.3
98106,17,0,51.44,8.3
98106,18,0,40.53,8.3
98106,19,0,49.26,8.3
98106,20,0,47.5,8.3
19106,1,0,50.18,20.42
19106,2,0,51.34,20.42
19106,3,0,54.27,20.42
19106,4,0,46.64,20.42
19106,5,0,48.9,20.42
19106,6,0,48.65,20.42
19106,7,0,49.77,20.42
19106,8,0,47.74,20.42
19106,9,0,58.52,20.42
19106,10,0,54.99,20.42
19106,11,0,50.31,20.42
19106,12,0,52.95,20.42
19106,13,0,51.86,20.42
19106,14,0,53.9,20.42
19106,15,0,51.39,20.42
19106,16,0,49.39,20.42
19106,17,0,52.5,20.42
19106,18,0,58.62,20.42
19106,19,0,50.29,20.42
19106,20,0,58.3,20.42
04101,1,0,42.35,21.43
04101,2,0,39.74,21.43
04101,3,0,43.45,21.43
04101,4,0,42.09,21.43
04101,5,0,35.31,21.43
04101,6,0,40.78,21.43
04101,7,0,41.13,21.43
04101,8,0,46.85,21.43
04101,9,0,41.58,21.43
04101,10,0,42.41,21.43
04101,11,0,39.82,21.43
04101,12,0,43.38,21.43
04101,13,0,40.26,21.43
04101,14,0,47.35,21.43
04101,15,0,43.1,21.43
04101,16,0,41.05,21.43
04101,17,0,48.56,21.43
04101,18,0,41.23,21.43
04101,19,0,46.18,21.43
04101,20,0,41.21,21.43
96801,1,0,52.16,8.24
96801,2,0,54.74,8.24
96801,3,0,49.86,8.24
96801,4,0,48.53,8.24
96801,5,0,48.88,8.24
96801,6,0,52.43,8.24
96801,7,0,58.64,8.24
96801,8,0,56.32,8.24
96801,9,0,56.89,8.24
96801,10,0,50.44,8.24
96801,11,0,57.2,8.24
96801,12,0,57.13,8.24
96801,13,0,55.35,8.24
96801,14,0,52.8,8.24
96801,15,0,57.88,8.24
96801,16,0,53.19,8.24
96801,17,0,57.46,8.24
96801,18,0,54.61,8.24
96801,19,0,53.06,8.24
96801,20,0,55.06,8.24
80201,1,0,62.37,11.3
80201,2,0,53.23,11.3
80201,3,0,59.97,11.3
80201,4,0,59.78,11.3
80201,5,0,56.97,11.3
80201,6,0,56.13,11.3
80201,7,0,54.3,11.3
80201,8,0,62.18,11.3
80201,9,0,55.0,11.3
80201,10,0,50.47,11.3
80201,11,0,60.02,11.3
80201,12,0,55.31,11.3
80201,13,0,59.3,11.3
80201,14,0,55.86,11.3
80201,15,0,58.41,11.3
80201,16,0,60.62,11.3
80201,17,0,61.49,11.3
80201,18,0,64.96,11.3
80201,19,0,61.21,11.3
80201,20,0,61.79,11.3
98105,1,0,52.81,21.73
98105,2,0,56.56,21.73
98105,3,0,50.66,21.73
98105,4,0,53.0,21.73
98105,5,0,54.58,21.73
98105,6,0,52.12,21.73
98105,7,0,59.29,21.73
98105,8,0,56.32,21.73
98105,9,0,51.95,21.73
98105,10,0,57.12,21.73
98105,11,0,60.09,21.73
98105,12,0,54.26,21.73
98105,13,0,60.77,21.73
98105,14,0,57.72,21.73
98105,15,0,57.82,21.73
98105,16,0,61.07,21.73
98105,17,0,58.35,21.73
98105,18,0,59.17,21.73
98105,19,0,58.54,21.73
98105,20,0,53.27,21.73
80206,1,0,49.86,24.62
80206,2,0,49.64,24.62
80206,3,0,48.01,24.62
80206,4,0,41.76,24.62
80206,5,0,51.54,24.62
80206,6,0,47.36,24.62
80206,7,0,46.82,24.62
80206,8,0,46.8,24.62
80206,9,0,44.85,24.62
80206,10,0,52.38,24.62
80206,11,0,58.32,24.62
80206,12,0,49.78,24.62
80206,13,0,54.24,24.62
80206,14,0,51.76,24.62
80206,15,0,53.13,24.62
80206,16,0,52.37,24.62
80206,17,0,55.18,24.62
80206,18,0,49.47,24.62
80206,19,0,53.66,24.62
80206,20,0,57.03,24.62
60606,1,0,64.13,19.58
60606,2,0,63.27,19.58
60606,3,0,62.85,19.58
60606,4,0,61.73,19.58
60606,5,0,62.02,19.58
60606,6,0,58.68,19.58
60606,7,0,65.11,19.58
60606,8,0,67.96,19.58
60606,9,0,65.01,19.58
60606,10,0,64.44,19.58
60606,11,0,66.46,19.58
60606,12,0,58.57,19.58
60606,13,0,63.66,19.58
60606,14,0,65.23,19.58
60606,15,0,60.59,19.58
60606,16,0,66.46,19.58
60606,17,0,60.68,19.58
60606,18,0,68.57,19.58
60606,19,0,67.44,19.58
60606,20,0,66.45,19.58
90004,1,0,44.28,20.54
90004,2,0,42.7,20.54
90004,3,0,43.95,20.54
90004,4,0,43.64,20.54
90004,5,0,40.47,20.54
90004,6,0,48.02,20.54
90004,7,0,47.31,20.54
90004,8,0,45.12,20.54
90004,9,0,44.55,20.54
90004,10,0,46.61,20.54
90004,11,0,48.41,20.54
90004,12,0,50.6,20.54
90004,13,0,43.53,20.54
90004,14,0,48.55,20.54
90004,15,0,45.42,20.54
90004,16,0,41.12,20.54
90004,17,0,48.72,20.54
90004,18,0,50.87,20.54
90004,19,0,49.65,20.54
90004,20,0,46.49,20.54
44107,1,0,48.75,20.36
44107,2,0,49.95,20.36
44107,3,0,49.83,20.36
44107,4,0,52.07,20.36
44107,5,0,51.47,20.36
44107,6,0,47.17,20.36
44107,7,0,49.25,20.36
44107,8,0,47.92,20.36
44107,9,0,50.18,20.36
44107,10,0,44.35,20.36
44107,11,0,56.0,20.36
44107,12,0,48.14,20.36
44107,13,0,49.21,20.36
44107,14,0,51.26,20.36
44107,15,0,47.14,20.36
44107,16,0,50.53,20.36
44107,17,0,52.3,20.36
44107,18,0,57.01,20.36
44107,19,0,52.75,20.36
44107,20,0,51.37,20.36
85009,1,0,41.12,15.3
85009,2,0,51.18,15.3
85009,3,0,45.26,15.3
85009,4,0,45.54,15.3
85009,5,0,41.44,15.3
85009,6,0,47.39,15.3
85009,7,0,44.31,15.3
85009,8,0,50.76,15.3
85009,9,0,48.0,15.3
85009,10,0,47.24,15.3
85009,11,0,43.16,15.3
85009,12,0,47.1,15.3
85009,13,0,47.02,15.3
85009,14,0,48.29,15.3
85009,15,0,42.27,15.3
85009,16,0,45.72,15.3
85009,17,0,47.22,15.3
85009,18,0,50.47,15.3
85009,19,0,43.45,15.3
85009,20,0,53.65,15.3
97204,1,0,60.25,18.37
97204,2,0,53.81,18.37
97204,3,0,64.46,18.37
97204,4,0,58.03,18.37
97204,5,0,57.25,18.37
97204,6,0,59.63,18.37
97204,7,0,59.36,18.37
97204,8,0,58.72,18.37
97204,9,0,55.38,18.37
97204,10,0,57.58,18.37
97204,11,0,60.23,18.37
97204,12,0,61.92,18.37
97204,13,0,64.0,18.37
97204,14,0,58.58,18.37
97204,15,0,60.45,18.37
97204,16,0,58.49,18.37
97204,17,0,64.02,18.37
97204,18,0,60.07,18.37
97204,19,0,59.5,18.37
97204,20,0,61.71,18.37
43205,1,0,40.73,9.97
43205,2,0,47.63,9.97
43205,3,0,45.34,9.97
43205,4,0,54.84,9.97
43205,5,0,44.94,9.97
43205,6,0,46.26,9.97
43205,7,0,50.38,9.97
43205,8,0,49.93,9.97
43205,9,0,50.96,9.97
43205,10,0,47.27,9.97
43205,11,0,44.94,9.97
43205,12,0,56.64,9.97
43205,13,0,50.45,9.97
43205,14,0,49.84,9.97
43205,15,0,51.85,9.97
43205,16,0,45.78,9.97
43205,17,0,48.59,9.97
43205,18,0,47.09,9.97
43205,19,0,50.98,9.97
43205,20,0,46.61,9.97
23220,1,0,56.02,14.99
23220,2,0,57.82,14.99
23220,3,0,57.97,14.99
23220,4,0,56.11,14.99
23220,5,0,55.63,14.99
23220,6,0,54.06,14.99
23220,7,0,56.93,14.99
23220,8,0,55.51,14.99
23220,9,0,50.5,14.99
23220,10,0,54.52,14.99
23220,11,0,59.01,14.99
23220,12,0,53.52,14.99
23220,13,0,53.72,14.99
23220,14,0,56.82,14.99
23220,15,0,51.18,14.99
23220,16,0,60.14,14.99
23220,17,0,60.14,14.99
23220,18,0,61.32,14.99
23220,19,0,59.4,14.99
23220,20,0,56.44,14.99
97203,1,0,54.47,19.66
97203,2,0,60.08,19.66
97203,3,0,60.84,19.66
97203,4,0,55.6,19.66
97203,5,0,55.46,19.66
97203,6,0,59.42,19.66
97203,7,0,60.15,19.66
97203,8,0,62.81,19.66
97203,9,0,62.26,19.66
97203,10,0,60.29,19.66
97203,11,0,63.9,19.66
97203,12,0,60.01,19.66
97203,13,0,60.4,19.66
97203,14,0,64.13,19.66
97203,15,0,64.72,19.66
97203,16,0,65.06,19.66
97203,17,0,61.84,19.66
97203,18,0,62.85,19.66
97203,19,0,60.3,19.66
97203,20,0,65.86,19.66
08602,1,0,43.16,37.26
08602,2,0,39.2,37.26
08602,3,0,44.13,37.26
08602,4,0,43.15,37.26
08602,5,0,37.86,37.26
08602,6,0,44.53,37.26
08602,7,0,48.86,37.26
08602,8,0,48.01,37.26
08602,9,0,48.27,37.26
08602,10,0,51.58,37.26
08602,11,0,45.83,37.26
08602,12,0,44.39,37.26
08602,13,0,49.57,37.26
08602,14,0,49.42,37.26
08602,15,0,44.82,37.26
08602,16,0,48.35,37.26
08602,17,0,50.76,37.26
08602,18,0,50.23,37.26
08602,19,0,51.86,37.26
08602,20,0,47.91,37.26
37209,1,0,29.76,18.9
37209,2,0,31.54,18.9
37209,3,0,37.14,18.9
37209,4,0,37.91,18.9
37209,5,0,34.57,18.9
37209,6,0,39.87,18.9
37209,7,0,35.11,18.9
37209,8,0,34.32,18.9
37209,9,0,31.89,18.9
37209,10,0,36.16,18.9
37209,11,0,39.83,18.9
37209,12,0,40.72,18.9
37209,13,0,40.38,18.9
37209,14,0,38.94,18.9
37209,15,0,42.49,18.9
37209,16,0,35.06,18.9
37209,17,0,41.78,18.9
37209,18,0,39.33,18.9
37209,19,0,39.39,18.9
37209,20,0,34.75,18.9
02101,1,0,48.77,56.3
02101,2,0,51.47,56.3
02101,3,0,41.89,56.3
02101,4,0,50.92,56.3
02101,5,0,41.95,56.3
02101,6,0,44.81,56.3
02101,7,0,49.04,56.3
02101,8,0,54.34,56.3
02101,9,0,49.47,56.3
02101,10,0,51.53,56.3
02101,11,0,47.65,56.3
02101,12,0,50.06,56.3
02101,13,0,50.74,56.3
02101,14,0,56.06,56.3
02101,15,0,49.19,56.3
02101,16,0,49.72,56.3
02101,17,0,55.19,56.3
02101,18,0,51.48,56.3
02101,19,0,52.82,56.3
02101,20,0,54.05,56.3
55407,1,0,40.13,52.72
55407,2,0,36.15,52.72
55407,3,0,45.8,52.72
55407,4,0,43.18,52.72
55407,5,0,39.27,52.72
55407,6,0,45.69,52.72
55407,7,0,49.65,52.72
55407,8,0,47.46,52.72
55407,9,0,50.39,52.72
55407,10,0,40.73,52.72
55407,11,0,45.42,52.72
55407,12,0,46.0,52.72
55407,13,0,44.85,52.72
55407,14,0,44.48,52.72
55407,15,0,36.85,52.72
55407,16,0,51.07,52.72
55407,17,0,41.4,52.72
55407,18,0,49.23,52.72
55407,19,0,46.81,52.72
55407,20,0,46.95,52.72
90002,1,0,42.96,20.8
90002,2,0,44.44,20.8
90002,3,0,46.02,20.8
90002,4,0,47.22,20.8
90002,5,0,44.25,20.8
90002,6,0,41.28,20.8
90002,7,0,41.44,20.8
90002,8,0,48.53,20.8
90002,9,0,44.87,20.8
90002,10,0,42.87,20.8
90002,11,0,43.98,20.8
90002,12,0,46.19,20.8
90002,13,0,42.88,20.8
90002,14,0,46.9,20.8
90002,15,0,51.02,20.8
90002,16,0,47.17,20.8
90002,17,0,42.48,20.8
90002,18,0,50.65,20.8
90002,19,0,51.64,20.8
90002,20,0,52.06,20.8
33126,1,0,25.47,16.33
33126,2,0,32.55,16.33
33126,3,0,28.02,16.33
33126,4,0,35.05,16.33
33126,5,0,30.4,16.33
33126,6,0,30.2,16.33
33126,7,0,25.0,16.33
33126,8,0,24.29,16.33
33126,9,0,27.74,16.33
33126,10,0,27.08,16.33
33126,11,0,26.31,16.33
33126,12,0,27.79,16.33
33126,13,0,27.85,16.33
33126,14,0,26.79,16.33
33126,15,0,30.94,16.33
33126,16,0,26.98,16.33
33126,17,0,29.37,16.33
33126,18,0,26.12,16.33
33126,19,0,30.33,16.33
33126,20,0,30.89,16.33
20001,1,0,30.91,62.37
20001,2,0,34.27,62.37
20001,3,0,34.03,62.37
20001,4,0,33.2,62.37
20001,5,0,33.49,62.37
20001,6,0,36.46,62.37
20001,7,0,35.46,62.37
20001,8,0,38.51,62.37
20001,9,0,32.79,62.37
20001,10,0,35.6,62.37
20001,11,0,34.58,62.37
20001,12,0,36.87,62.37
20001,13,0,37.76,62.37
20001,14,0,33.67,62.37
20001,15,0,39.26,62.37
20001,16,0,44.23,62.37
20001,17,0,38.52,62.37
20001,18,0,35.67,62.37
20001,19,0,37.66,62.37
20001,20,0,37.82,62.37
29403,1,0,56.0,29.17
29403,2,0,60.43,29.17
29403,3,0,53.06,29.17
29403,4,0,59.61,29.17
29403,5,0,62.92,29.17
29403,6,0,62.99,29.17
29403,7,0,62.65,29.17
29403,8,0,57.86,29.17
29403,9,0,64.48,29.17
29403,10,0,61.47,29.17
29403,11,0,64.9,29.17
29403,12,0,64.14,29.17
29403,13,0,62.1,29.17
29403,14,0,60.69,29.17
29403,15,0,68.78,29.17
29403,16,0,56.61,29.17
29403,17,0,61.69,29.17
29403,18,0,58.26,29.17
29403,19,0,63.09,29.17
29403,20,0,64.07,29.17
02902,1,0,38.7,25.01
02902,2,0,39.19,25.01
02902,3,0,37.19,25.01
02902,4,0,42.77,25.01
02902,5,0,40.28,25.01
02902,6,0,43.21,25.01
02902,7,0,40.63,25.01
02902,8,0,43.21,25.01
02902,9,0,44.95,25.01
02902,10,0,44.43,25.01
02902,11,0,43.89,25.01
02902,12,0,43.21,25.01
02902,13,0,45.22,25.01
02902,14,0,42.24,25.01
02902,15,0,43.72,25.01
02902,16,0,45.61,25.01
02902,17,0,49.45,25.01
02902,18,0,43.26,25.01
02902,19,0,42.71,25.01
02902,20,0,46.48,25.01
33129,1,0,65.18,14.0
33129,2,0,64.26,14.0
33129,3,0,62.15,14.0
33129,4,0,66.03,14.0
33129,5,0,57.18,14.0
33129,6,0,65.91,14.0
33129,7,0,62.2,14.0
33129,8,0,65.29,14.0
33129,9,0,66.69,14.0
33129,10,0,64.51,14.0
33129,11,0,64.4,14.0
33129,12,0,63.28,14.0
33129,13,0,69.79,14.0
33129,14,0,66.01,14.0
33129,15,0,65.91,14.0
33129,16,0,70.04,14.0
33129,17,0,64.26,14.0
33129,18,0,65.28,14.0
33129,19,0,69.11,14.0
33129,20,0,71.88,14.0
44101,1,0,42.98,16.22
44101,2,0,44.27,16.22
44101,3,0,38.6,16.22
44101,4,0,47.48,16.22
44101,5,0,40.65,16.22
44101,6,0,42.54,16.22
44101,7,0,44.99,16.22
44101,8,0,42.74,16.22
44101,9,0,39.13,16.22
44101,10,0,41.51,16.22
44101,11,0,45.77,16.22
44101,12,0,50.23,16.22
44101,13,0,50.25,16.22
44101,14,0,47.41,16.22
44101,15,0,47.0,16.22
44101,16,0,49.18,16.22
44101,17,0,51.03,16.22
44101,18,0,47.67,16.22
44101,19,0,48.03,16.22
44101,20,0,48.45,16.22
70113,1,0,57.89,12.18
70113,2,0,51.02,12.18
70113,3,0,55.44,12.18
70113,4,0,56.85,12.18
70113,5,0,50.24,12.18
70113,6,0,58.93,12.18
70113,7,0,59.67,12.18
70113,8,0,50.87,12.18
70113,9,0,55.73,12.18
70113,10,0,56.09,12.18
70113,11,0,54.83,12.18
70113,12,0,55.5,12.18
70113,13,0,56.45,12.18
70113,14,0,60.11,12.18
70113,15,0,62.29,12.18
70113,16,0,60.47,12.18
70113,17,0,56.33,12.18
70113,18,0,61.71,12.18
70113,19,0,61.41,12.18
70113,20,0,51.06,12.18
89102,1,0,51.19,42.27
89102,2,0,48.13,42.27
89102,3,0,48.51,42.27
89102,4,0,43.03,42.27
89102,5,0,53.36,42.27
89102,6,0,49.79,42.27
89102,7,0,51.37,42.27
89102,8,0,45.34,42.27
89102,9,0,51.11,42.27
89102,10,0,51.43,42.27
89102,11,0,49.63,42.27
89102,12,0,46.48,42.27
89102,13,0,50.44,42.27
89102,14,0,48.02,42.27
89102,15,0,49.06,42.27
89102,16,0,54.9,42.27
89102,17,0,51.94,42.27
89102,18,0,51.7,42.27
89102,19,0,48.68,42.27
89102,20,0,52.33,42.27
08608,1,0,56.05,25.81
08608,2,0,53.81,25.81
08608,3,0,60.28,25.81
08608,4,0,60.4,25.81
08608,5,0,55.23,25.81
08608,6,0,59.0,25.81
08608,7,0,52.52,25.81
08608,8,0,59.29,25.81
08608,9,0,60.95,25.81
08608,10,0,55.5,25.81
08608,11,0,59.17,25.81
08608,12,0,59.77,25.81
08608,13,0,68.32,25.81
08608,14,0,67.66,25.81
08608,15,0,61.15,25.81
08608,16,0,58.45,25.81
08608,17,0,61.44,25.81
08608,18,0,64.35,25.81
08608,19,0,56.21,25.81
08608,20,0,55.22,25.81
90003,1,0,44.03,17.2
90003,2,0,50.02,17.2
90003,3,0,50.45,17.2
90003,4,0,49.58,17.2
90003,5,0,51.85,17.2
90003,6,0,48.24,17.2
90003,7,0,48.23,17.2
90003,8,0,50.46,17.2
90003,9,0,54.7,17.2
90003,10,0,51.07,17.2
90003,11,0,49.81,17.2
90003,12,0,51.57,17.2
90003,13,0,54.89,17.2
90003,14,0,49.81,17.2
90003,15,0,49.81,17.2
90003,16,0,49.99,17.2
90003,17,0,54.12,17.2
90003,18,0,49.6,17.2
90003,19,0,54.12,17.2
90003,20,0,48.05,17.2
08609,1,0,51.35,15.86
08609,2,0,52.22,15.86
08609,3,0,58.02,15.86
08609,4,0,55.83,15.86
08609,5,0,52.12,15.86
08609,6,0,51.89,15.86
08609,7,0,51.69,15.86
08609,8,0,50.61,15.86
08609,9,0,59.09,15.86
08609,10,0,52.23,15.86
08609,11,0,59.93,15.86
08609,12,0,55.33,15.86
08609,13,0,55.04,15.86
08609,14,0,55.85,15.86
08609,15,0,59.45,15.86
08609,16,0,53.52,15.86
08609,17,0,57.87,15.86
08609,18,0,56.49,15.86
08609,19,0,58.08,15.86
08609,20,0,56.52,15.86
55401,1,0,61.23,12.24
55401,2,0,64.15,12.24
55401,3,0,58.69,12.24
55401,4,0,67.28,12.24
55401,5,0,63.68,12.24
55401,6,0,61.98,12.24
55401,7,0,64.99,12.24
55401,8,0,62.07,12.24
55401,9,0,64.65,12.24
55401,10,0,64.93,12.24
55401,11,0,68.71,12.24
55401,12,0,66.04,12.24
55401,13,0,62.11,12.24
55401,14,0,67.47,12.24
55401,15,0,68.16,12.24
55401,16,0,61.42,12.24
55401,17,0,62.95,12.24
55401,18,0,72.81,12.24
55401,19,0,66.05,12.24
55401,20,0,66.38,12.24
55402,1,0,54.61,19.4
55402,2,0,53.05,19.4
55402,3,0,49.92,19.4
55402,4,0,52.13,19.4
55402,5,0,53.85,19.4
55402,6,0,54.52,19.4
55402,7,0,53.98,19.4
55402,8,0,52.08,19.4
55402,9,0,55.16,19.4
55402,10,0,60.42,19.4
55402,11,0,55.33,19.4
55402,12,0,57.06,19.4
55402,13,0,62.2,19.4
55402,14,0,56.07,19.4
55402,15,0,67.57,19.4
55402,16,0,61.33,19.4
55402,17,0,59.15,19.4
55402,18,0,58.44,19.4
55402,19,0,63.47,19.4
55402,20,0,57.63,19.4
19101,1,0,41.82,21.88
19101,2,0,48.2,21.88
19101,3,0,42.52,21.88
19101,4,0,42.51,21.88
19101,5,0,42.18,21.88
19101,6,0,38.64,21.88
19101,7,0,47.74,21.88
19101,8,0,44.83,21.88
19101,9,0,48.43,21.88
19101,10,0,44.98,21.88
19101,11,0,44.48,21.88
19101,12,0,44.02,21.88
19101,13,0,48.33,21.88
19101,14,0,44.13,21.88
19101,15,0,47.96,21.88
19101,16,0,47.18,21.88
19101,17,0,44.2,21.88
19101,18,0,46.25,21.88
19101,19,0,47.88,21.88
19101,20,0,47.19,21.88
10011,1,0,36.95,6.44
10011,2,0,32.24,6.44
10011,3,0,31.21,6.44
10011,4,0,30.97,6.44
10011,5,0,31.63,6.44
10011,6,0,30.76,6.44
10011,7,0,30.38,6.44
10011,8,0,34.91,6.44
10011,9,0,37.99,6.44
10011,10,0,32.28,6.44
10011,11,0,35.19,6.44
10011,12,0,32.17,6.44
10011,13,0,34.74,6.44
10011,14,0,30.76,6.44
10011,15,0,32.39,6.44
10011,16,0,32.55,6.44
10011,17,0,35.04,6.44
10011,18,0,32.23,6.44
10011,19,0,29.28,6.44
10011,20,0,32.16,6.44
10013,1,0,48.39,12.4
10013,2,0,46.8,12.4
10013,3,0,47.7,12.4
10013,4,0,50.49,12.4
10013,5,0,47.5,12.4
10013,6,0,49.99,12.4
10013,7,0,56.9,12.4
10013,8,0,49.61,12.4
10013,9,0,50.4,12.4
10013,10,0,52.42,12.4
10013,11,0,49.09,12.4
10013,12,0,50.03,12.4
10013,13,0,51.78,12.4
10013,14,0,52.91,12.4
10013,15,0,49.8,12.4
10013,16,0,54.53,12.4
10013,17,0,57.76,12.4
10013,18,0,47.65,12.4
10013,19,0,54.82,12.4
10013,20,0,53.64,12.4
60607,1,0,53.41,14.32
60607,2,0,55.54,14.32
60607,3,0,58.97,14.32
60607,4,0,55.86,14.32
60607,5,0,58.23,14.32
60607,6,0,55.5,14.32
60607,7,0,56.98,14.32
60607,8,0,54.51,14.32
60607,9,0,56.52,14.32
60607,10,0,55.86,14.32
60607,11,0,57.26,14.32
60607,12,0,52.23,14.32
60607,13,0,54.12,14.32
60607,14,0,61.29,14.32
60607,15,0,62.17,14.32
60607,16,0,53.06,14.32
60607,17,0,56.81,14.32
60607,18,0,56.53,14.32
60607,19,0,59.8,14.32
60607,20,0,59.05,14.32
98101,1,0,53.58,34.56
98101,2,0,47.75,34.56
98101,3,0,53.12,34.56
98101,4,0,51.33,34.56
98101,5,0,50.38,34.56
98101,6,0,54.18,34.56
98101,7,0,52.38,34.56
98101,8,0,53.08,34.56
98101,9,0,57.65,34.56
98101,10,0,54.12,34.56
98101,11,0,60.01,34.56
98101,12,0,47.45,34.56
98101,13,0,54.67,34.56
98101,14,0,51.63,34.56
98101,15,0,52.44,34.56
98101,16,0,53.52,34.56
98101,17,0,58.52,34.56
98101,18,0,54.79,34.56
98101,19,0,52.85,34.56
98101,20,0,58.52,34.56
02108,1,0,37.67,15.23
02108,2,0,46.5,15.23
02108,3,0,37.87,15.23
02108,4,0,41.15,15.23
02108,5,0,48.05,15.23
02108,6,0,41.56,15.23
02108,7,0,44.07,15.23
02108,8,0,42.74,15.23
02108,9,0,43.32,15.23
02108,10,0,41.13,15.23
02108,11,0,45.21,15.23
02108,12,0,48.1,15.23
02108,13,0,38.55,15.23
02108,14,0,41.87,15.23
02108,15,0,43.25,15.23
02108,16,0,42.51,15.23
02108,17,0,47.36,15.23
02108,18,0,43.88,15.23
02108,19,0,46.2,15.23
02108,20,0,50.69,15.23
84102,1,0,46.13,8.19
84102,2,0,52.73,8.19
84102,3,0,51.67,8.19
84102,4,0,51.95,8.19
84102,5,0,49.85,8.19
84102,6,0,51.69,8.19
84102,7,0,53.07,8.19
84102,8,0,52.81,8.19
84102,9,0,55.71,8.19
84102,10,0,50.6,8.19
84102,11,0,49.96,8.19
84102,12,0,48.39,8.19
84102,13,0,55.1,8.19
84102,14,0,57.21,8.19
84102,15,0,51.68,8.19
84102,16,0,51.68,8.19
84102,17,0,61.39,8.19
84102,18,0,59.82,8.19
84102,19,0,60.25,8.19
84102,20,0,57.56,8.19
48203,1,0,58.71,11.58
48203,2,0,56.0,11.58
48203,3,0,52.85,11.58
48203,4,0,53.27,11.58
48203,5,0,57.66,11.58
48203,6,0,60.69,11.58
48203,7,0,57.67,11.58
48203,8,0,60.27,11.58
48203,9,0,58.43,11.58
48203,10,0,59.88,11.58
48203,11,0,61.54,11.58
48203,12,0,63.49,11.58
48203,13,0,60.61,11.58
48203,14,0,65.84,11.58
48203,15,0,59.58,11.58
48203,16,0,64.52,11.58
48203,17,0,62.56,11.58
48203,18,0,55.58,11.58
48203,19,0,65.58,11.58
48203,20,0,58.84,11.58
02102,1,0,63.19,47.57
02102,2,0,66.82,47.57
02102,3,0,62.23,47.57
02102,4,0,64.51,47.57
02102,5,0,66.96,47.57
02102,6,0,62.78,47.57
02102,7,0,64.81,47.57
02102,8,0,64.72,47.57
02102,9,0,68.93,47.57
02102,10,0,71.01,47.57
02102,11,0,63.27,47.57
02102,12,0,67.06,47.57
02102,13,0,65.52,47.57
02102,14,0,67.45,47.57
02102,15,0,72.92,47.57
02102,16,0,69.02,47.57
02102,17,0,66.46,47.57
02102,18,0,64.3,47.57
02102,19,0,71.67,47.57
02102,20,0,67.56,47.57
70117,1,0,45.41,16.67
70117,2,0,48.92,16.67
70117,3,0,50.0,16.67
70117,4,0,47.42,16.67
70117,5,0,45.96,16.67
70117,6,0,53.16,16.67
70117,7,0,51.37,16.67
70117,8,0,52.54,16.67
70117,9,0,48.77,16.67
70117,10,0,47.62,16.67
70117,11,0,48.77,16.67
70117,12,0,46.06,16.67
70117,13,0,49.89,16.67
70117,14,0,49.14,16.67
70117,15,0,51.19,16.67
70117,16,0,51.83,16.67
70117,17,0,52.22,16.67
70117,18,0,50.46,16.67
70117,19,0,48.91,16.67
70117,20,0,48.41,16.67
44104,1,0,75.16,11.95
44104,2,0,75.24,11.95
44104,3,0,70.92,11.95
44104,4,0,79.64,11.95
44104,5,0,78.13,11.95
44104,6,0,72.82,11.95
44104,7,0,76.94,11.95
44104,8,0,76.0,11.95
44104,9,0,77.47,11.95
44104,10,0,77.45,11.95
44104,11,0,79.22,11.95
44104,12,0,81.9,11.95
44104,13,0,78.62,11.95
44104,14,0,79.59,11.95
44104,15,0,82.65,11.95
44104,16,0,76.9,11.95
44104,17,0,75.98,11.95
44104,18,0,81.06,11.95
44104,19,0,75.64,11.95
44104,20,0,77.15,11.95
19109,1,0,69.05,8.7
19109,2,0,59.64,8.7
19109,3,0,65.97,8.7
19109,4,0,61.0,8.7
19109,5,0,66.82,8.7
19109,6,0,71.35,8.7
19109,7,0,63.07,8.7
19109,8,0,60.06,8.7
19109,9,0,67.71,8.7
19109,10,0,65.02,8.7
19109,11,0,66.61,8.7
19109,12,0,68.52,8.7
19109,13,0,69.38,8.7
19109,14,0,69.67,8.7
19109,15,0,68.13,8.7
19109,16,0,69.79,8.7
19109,17,0,68.18,8.7
19109,18,0,68.02,8.7
19109,19,0,69.22,8.7
19109,20,0,71.26,8.7
89103,1,0,49.74,20.33
89103,2,0,52.59,20.33
89103,3,0,50.83,20.33
89103,4,0,50.26,20.33
89103,5,0,55.89,20.33
89103,6,0,54.11,20.33
89103,7,0,54.4,20.33
89103,8,0,50.69,20.33
89103,9,0,53.05,20.33
89103,10,0,55.85,20.33
89103,11,0,55.43,20.33
89103,12,0,62.27,20.33
89103,13,0,55.5,20.33
89103,14,0,53.11,20.33
89103,15,0,54.06,20.33
89103,16,0,53.06,20.33
89103,17,0,53.95,20.33
89103,18,0,56.46,20.33
89103,19,0,55.03,20.33
89103,20,0,60.69,20.33
80203,1,0,55.26,21.43
80203,2,0,55.47,21.43
80203,3,0,52.39,21.43
80203,4,0,56.15,21.43
80203,5,0,56.74,21.43
80203,6,0,58.72,21.43
80203,7,0,52.57,21.43
80203,8,0,54.49,21.43
80203,9,0,52.47,21.43
80203,10,0,62.9,21.43
80203,11,0,54.64,21.43
80203,12,0,59.34,21.43
80203,13,0,56.24,21.43
80203,14,0,58.68,21.43
80203,15,0,56.26,21.43
80203,16,0,59.33,21.43
80203,17,0,57.66,21.43
80203,18,0,62.21,21.43
80203,19,0,58.27,21.43
80203,20,0,55.45,21.43
06105,1,0,65.44,25.04
06105,2,0,64.18,25.04
06105,3,0,61.46,25.04
06105,4,0,65.82,25.04
06105,5,0,63.09,25.04
06105,6,0,64.5,25.04
06105,7,0,65.59,25.04
06105,8,0,59.65,25.04
06105,9,0,64.7,25.04
06105,10,0,69.03,25.04
06105,11,0,65.94,25.04
06105,12,0,61.08,25.04
06105,13,0,66.8,25.04
06105,14,0,68.76,25.04
06105,15,0,66.68,25.04
06105,16,0,67.04,25.04
06105,17,0,66.76,25.04
06105,18,0,70.22,25.04
06105,19,0,66.16,25.04
06105,20,0,70.53,25.04
23221,1,0,39.56,78.52
23221,2,0,44.39,78.52
23221,3,0,39.44,78.52
23221,4,0,37.82,78.52
23221,5,0,43.28,78.52
23221,6,0,43.16,78.52
23221,7,0,43.18,78.52
23221,8,0,44.75,78.52
23221,9,0,39.47,78.52
23221,10,0,40.37,78.52
23221,11,0,46.96,78.52
23221,12,0,44.57,78.52
23221,13,0,42.16,78.52
23221,14,0,38.5,78.52
23221,15,0,40.32,78.52
23221,16,0,41.44,78.52
23221,17,0,42.89,78.52
23221,18,0,45.76,78.52
23221,19,0,41.01,78.52
23221,20,0,43.78,78.52
28206,1,0,38.19,10.83
28206,2,0,40.98,10.83
28206,3,0,49.66,10.83
28206,4,0,46.33,10.83
28206,5,0,44.75,10.83
28206,6,0,41.73,10.83
28206,7,0,40.32,10.83
28206,8,0,43.56,10.83
28206,9,0,39.42,10.83
28206,10,0,46.29,10.83
28206,11,0,44.01,10.83
28206,12,0,44.79,10.83
28206,13,0,40.14,10.83
28206,14,0,45.55,10.83
28206,15,0,44.94,10.83
28206,16,0,43.05,10.83
28206,17,0,46.86,10.83
28206,18,0,45.25,10.83
28206,19,0,47.6,10.83
28206,20,0,48.83,10.83
53203,1,0,33.87,16.7
53203,2,0,37.7,16.7
53203,3,0,37.91,16.7
53203,4,0,41.64,16.7
53203,5,0,40.7,16.7
53203,6,0,37.39,16.7
53203,7,0,37.42,16.7
53203,8,0,39.41,16.7
53203,9,0,35.85,16.7
53203,10,0,36.57,16.7
53203,11,0,38.35,16.7
53203,12,0,32.87,16.7
53203,13,0,37.31,16.7
53203,14,0,39.54,16.7
53203,15,0,49.07,16.7
53203,16,0,39.14,16.7
53203,17,0,43.31,16.7
53203,18,0,41.0,16.7
53203,19,0,43.18,16.7
53203,20,0,38.87,16.7
60605,1,0,42.81,23.25
60605,2,0,51.84,23.25
60605,3,0,43.98,23.25
60605,4,0,52.69,23.25
60605,5,0,47.39,23.25
60605,6,0,46.28,23.25
60605,7,0,47.48,23.25
60605,8,0,54.1,23.25
60605,9,0,47.46,23.25
60605,10,0,48.67,23.25
60605,11,0,53.01,23.25
60605,12,0,51.76,23.25
60605,13,0,56.84,23.25
60605,14,0,54.37,23.25
60605,15,0,49.04,23.25
60605,16,0,55.3,23.25
60605,17,0,45.89,23.25
60605,18,0,54.23,23.25
60605,19,0,50.22,23.25
60605,20,0,54.24,23.25
37204,1,0,47.29,16.14
37204,2,0,36.65,16.14
37204,3,0,44.69,16.14
37204,4,0,44.71,16.14
37204,5,0,44.43,16.14
37204,6,0,39.78,16.14
37204,7,0,42.71,16.14
37204,8,0,40.35,16.14
37204,9,0,44.8,16.14
37204,10,0,39.86,16.14
37204,11,0,42.72,16.14
37204,12,0,46.18,16.14
37204,13,0,42.36,16.14
37204,14,0,43.63,16.14
37204,15,0,42.36,16.14
37204,16,0,46.12,16.14
37204,17,0,45.2,16.14
37204,18,0,43.68,16.14
37204,19,0,44.24,16.14
37204,20,0,46.87,16.14
63102,1,0,43.28,7.15
63102,2,0,46.58,7.15
63102,3,0,47.08,7.15
63102,4,0,47.71,7.15
63102,5,0,45.91,7.15
63102,6,0,49.58,7.15
63102,7,0,50.91,7.15
63102,8,0,50.23,7.15
63102,9,0,49.19,7.15
63102,10,0,44.54,7.15
63102,11,0,54.11,7.15
63102,12,0,49.52,7.15
63102,13,0,50.54,7.15
63102,14,0,47.76,7.15
63102,15,0,49.49,7.15
63102,16,0,53.94,7.15
63102,17,0,53.01,7.15
63102,18,0,49.99,7.15
63102,19,0,55.77,7.15
63102,20,0,48.42,7.15
70118,1,0,44.61,25.94
70118,2,0,44.13,25.94
70118,3,0,52.56,25.94
70118,4,0,48.35,25.94
70118,5,0,50.28,25.94
70118,6,0,54.25,25.94
70118,7,0,52.22,25.94
70118,8,0,47.94,25.94
70118,9,0,56.63,25.94
70118,10,0,51.15,25.94
70118,11,0,52.1,25.94
70118,12,0,50.41,25.94
70118,13,0,49.46,25.94
70118,14,0,53.77,25.94
70118,15,0,49.01,25.94
70118,16,0,53.35,25.94
70118,17,0,58.62,25.94
70118,18,0,56.38,25.94
70118,19,0,55.0,25.94
70118,20,0,51.36,25.94
60603,1,0,36.03,14.65
60603,2,0,34.09,14.65
60603,3,0,41.07,14.65
60603,4,0,35.58,14.65
60603,5,0,34.91,14.65
60603,6,0,36.88,14.65
60603,7,0,35.45,14.65
60603,8,0,38.76,14.65
60603,9,0,43.78,14.65
60603,10,0,38.61,14.65
60603,11,0,36.08,14.65
60603,12,0,38.64,14.65
60603,13,0,35.56,14.65
60603,14,0,48.26,14.65
60603,15,0,45.3,14.65
60603,16,0,43.9,14.65
60603,17,0,42.68,14.65
60603,18,0,40.19,14.65
60603,19,0,40.52,14.65
60603,20,0,40.55,14.65
28204,1,0,70.79,11.8
28204,2,0,63.35,11.8
28204,3,0,62.5,11.8
28204,4,0,64.14,11.8
28204,5,0,66.27,11.8
28204,6,0,54.53,11.8
28204,7,0,66.42,11.8
28204,8,0,57.88,11.8
28204,9,0,70.18,11.8
28204,10,0,60.86,11.8
28204,11,0,63.88,11.8
28204,12,0,60.81,11.8
28204,13,0,72.22,11.8
28204,14,0,67.05,11.8
28204,15,0,74.03,11.8
28204,16,0,73.57,11.8
28204,17,0,71.62,11.8
28204,18,0,63.93,11.8
28204,19,0,68.9,11.8
28204,20,0,72.76,11.8
77003,1,0,63.09,12.85
77003,2,0,61.07,12.85
77003,3,0,63.5,12.85
77003,4,0,64.05,12.85
77003,5,0,58.54,12.85
77003,6,0,61.53,12.85
77003,7,0,65.46,12.85
77003,8,0,66.38,12.85
77003,9,0,64.75,12.85
77003,10,0,63.06,12.85
77003,11,0,63.97,12.85
77003,12,0,62.55,12.85
77003,13,0,64.76,12.85
77003,14,0,67.89,12.85
77003,15,0,72.89,12.85
77003,16,0,62.25,12.85
77003,17,0,69.93,12.85
77003,18,0,67.54,12.85
77003,19,0,61.85,12.85
77003,20,0,66.63,12.85
37201,1,0,44.85,43.62
37201,2,0,45.66,43.62
37201,3,0,49.07,43.62
37201,4,0,52.11,43.62
37201,5,0,50.34,43.62
37201,6,0,47.35,43.62
37201,7,0,47.95,43.62
37201,8,0,53.48,43.62
37201,9,0,44.33,43.62
37201,10,0,51.5,43.62
37201,11,0,44.59,43.62
37201,12,0,43.72,43.62
37201,13,0,50.45,43.62
37201,14,0,43.85,43.62
37201,15,0,47.91,43.62
37201,16,0,53.47,43.62
37201,17,0,46.87,43.62
37201,18,0,55.26,43.62
37201,19,0,43.36,43.62
37201,20,0,53.53,43.62
29407,1,0,60.67,38.46
29407,2,0,64.5,38.46
29407,3,0,65.99,38.46
29407,4,0,64.76,38.46
29407,5,0,65.1,38.46
29407,6,0,61.78,38.46
29407,7,0,70.64,38.46
29407,8,0,62.97,38.46
29407,9,0,63.23,38.46
29407,10,0,66.9,38.46
29407,11,0,65.36,38.46
29407,12,0,70.23,38.46
29407,13,0,66.38,38.46
29407,14,0,68.24,38.46
29407,15,0,68.85,38.46
29407,16,0,71.69,38.46
29407,17,0,67.45,38.46
29407,18,0,64.28,38.46
29407,19,0,67.13,38.46
29407,20,0,73.23,38.46
06103,1,0,54.93,11.64
06103,2,0,53.04,11.64
06103,3,0,54.59,11.64
06103,4,0,53.88,11.64
06103,5,0,57.3,11.64
06103,6,0,56.21,11.64
06103,7,0,54.63,11.64
06103,8,0,58.48,11.64
06103,9,0,59.52,11.64
06103,10,0,53.5,11.64
06103,11,0,53.81,11.64
06103,12,0,63.98,11.64
06103,13,0,58.92,11.64
06103,14,0,62.31,11.64
06103,15,0,60.25,11.64
06103,16,0,59.21,11.64
06103,17,0,51.69,11.64
06103,18,0,54.69,11.64
06103,19,0,60.57,11.64
06103,20,0,56.17,11.64
48205,1,0,60.55,8.45
48205,2,0,63.99,8.45
48205,3,0,61.92,8.45
48205,4,0,62.98,8.45
48205,5,0,66.21,8.45
48205,6,0,66.77,8.45
48205,7,0,62.4,8.45
48205,8,0,66.66,8.45
48205,9,0,60.21,8.45
48205,10,0,64.04,8.45
48205,11,0,65.32,8.45
48205,12,0,63.57,8.45
48205,13,0,63.48,8.45
48205,14,0,61.05,8.45
48205,15,0,64.57,8.45
48205,16,0,60.11,8.45
48205,17,0,64.8,8.45
48205,18,0,65.65,8.45
48205,19,0,67.96,8.45
48205,20,0,62.46,8.45
05403,1,0,37.45,31.47
05403,2,0,38.41,31.47
05403,3,0,36.89,31.47
05403,4,0,38.57,31.47
05403,5,0,38.3,31.47
05403,6,0,29.95,31.47
05403,7,0,35.25,31.47
05403,8,0,44.71,31.47
05403,9,0,40.51,31.47
05403,10,0,37.0,31.47
05403,11,0,40.17,31.47
05403,12,0,41.46,31.47
05403,13,0,44.22,31.47
05403,14,0,38.69,31.47
05403,15,0,38.33,31.47
05403,16,0,38.89,31.47
05403,17,0,38.93,31.47
05403,18,0,39.09,31.47
05403,19,0,41.73,31.47
05403,20,0,40.17,31.47
04102,1,0,46.45,56.21
04102,2,0,52.52,56.21
04102,3,0,44.29,56.21
04102,4,0,48.44,56.21
04102,5,0,44.28,56.21
04102,6,0,50.73,56.21
04102,7,0,51.57,56.21
04102,8,0,45.88,56.21
04102,9,0,46.65,56.21
04102,10,0,51.01,56.21
04102,11,0,48.44,56.21
04102,12,0,53.78,56.21
04102,13,0,46.19,56.21
04102,14,0,53.29,56.21
04102,15,0,57.03,56.21
04102,16,0,51.76,56.21
04102,17,0,48.94,56.21
04102,18,0,48.78,56.21
04102,19,0,50.89,56.21
04102,20,0,53.66,56.21
94103,1,0,51.8,64.48
94103,2,0,55.62,64.48
94103,3,0,57.2,64.48
94103,4,0,61.73,64.48
94103,5,0,62.92,64.48
94103,6,0,57.2,64.48
94103,7,0,54.54,64.48
94103,8,0,58.54,64.48
94103,9,0,58.92,64.48
94103,10,0,62.21,64.48
94103,11,0,57.58,64.48
94103,12,0,56.21,64.48
94103,13,0,59.41,64.48
94103,14,0,58.68,64.48
94103,15,0,58.87,64.48
94103,16,0,57.62,64.48
94103,17,0,56.73,64.48
94103,18,0,62.59,64.48
94103,19,0,61.81,64.48
94103,20,0,58.87,64.48
03103,1,0,50.82,9.89
03103,2,0,43.1,9.89
03103,3,0,47.66,9.89
03103,4,0,49.8,9.89
03103,5,0,52.74,9.89
03103,6,0,48.01,9.89
03103,7,0,53.31,9.89
03103,8,0,48.25,9.89
03103,9,0,52.93,9.89
03103,10,0,55.78,9.89
03103,11,0,47.99,9.89
03103,12,0,51.71,9.89
03103,13,0,53.14,9.89
03103,14,0,48.05,9.89
03103,15,0,53.34,9.89
03103,16,0,50.61,9.89
03103,17,0,50.04,9.89
03103,18,0,51.56,9.89
03103,19,0,51.61,9.89
03103,20,0,55.76,9.89
70112,1,0,48.24,39.6
70112,2,0,55.44,39.6
70112,3,0,47.16,39.6
70112,4,0,50.45,39.6
70112,5,0,48.84,39.6
70112,6,0,45.73,39.6
70112,7,0,54.59,39.6
70112,8,0,50.44,39.6
70112,9,0,48.0,39.6
70112,10,0,51.81,39.6
70112,11,0,53.97,39.6
70112,12,0,48.59,39.6
70112,13,0,51.55,39.6
70112,14,0,54.78,39.6
70112,15,0,52.42,39.6
70112,16,0,53.85,39.6
70112,17,0,51.66,39.6
70112,18,0,48.0,39.6
70112,19,0,52.22,39.6
70112,20,0,51.56,39.6
02103,1,0,48.57,20.03
02103,2,0,47.51,20.03
02103,3,0,49.93,20.03
02103,4,0,48.64,20.03
02103,5,0,52.37,20.03
02103,6,0,52.06,20.03
02103,7,0,47.7,20.03
02103,8,0,54.51,20.03
02103,9,0,48.83,20.03
02103,10,0,47.89,20.03
02103,11,0,54.69,20.03
02103,12,0,50.01,20.03
02103,13,0,52.34,20.03
02103,14,0,48.45,20.03
02103,15,0,51.48,20.03
02103,16,0,52.49,20.03
02103,17,0,51.93,20.03
02103,18,0,51.83,20.03
02103,19,0,53.75,20.03
02103,20,0,56.86,20.03
48204,1,0,50.91,7.65
48204,2,0,46.42,7.65
48204,3,0,57.98,7.65
48204,4,0,52.55,7.65
48204,5,0,53.07,7.65
48204,6,0,53.41,7.65
48204,7,0,51.33,7.65
48204,8,0,54.39,7.65
48204,9,0,55.0,7.65
48204,10,0,57.41,7.65
48204,11,0,54.72,7.65
48204,12,0,49.31,7.65
48204,13,0,52.88,7.65
48204,14,0,60.5,7.65
48204,15,0,54.9,7.65
48204,16,0,59.32,7.65
48204,17,0,55.8,7.65
48204,18,0,60.65,7.65
48204,19,0,58.77,7.65
48204,20,0,54.38,7.65
85001,1,0,47.6,13.07
85001,2,0,46.91,13.07
85001,3,0,54.38,13.07
85001,4,0,48.13,13.07
85001,5,0,51.06,13.07
85001,6,0,52.19,13.07
85001,7,0,53.36,13.07
85001,8,0,51.57,13.07
85001,9,0,48.49,13.07
85001,10,0,49.86,13.07
85001,11,0,50.59,13.07
85001,12,0,46.06,13.07
85001,13,0,55.57,13.07
85001,14,0,56.05,13.07
85001,15,0,51.58,13.07
85001,16,0,58.98,13.07
85001,17,0,55.01,13.07
85001,18,0,58.13,13.07
85001,19,0,58.18,13.07
85001,20,0,55.71,13.07
02904,1,0,59.49,13.56
02904,2,0,66.44,13.56
02904,3,0,67.69,13.56
02904,4,0,64.41,13.56
02904,5,0,67.12,13.56
02904,6,0,66.81,13.56
02904,7,0,64.3,13.56
02904,8,0,67.12,13.56
02904,9,0,66.16,13.56
02904,10,0,69.07,13.56
02904,11,0,66.44,13.56
02904,12,0,66.34,13.56
02904,13,0,63.83,13.56
02904,14,0,75.62,13.56
02904,15,0,67.91,13.56
02904,16,0,66.14,13.56
02904,17,0,71.6,13.56
02904,18,0,70.62,13.56
02904,19,0,71.96,13.56
02904,20,0,72.54,13.56
43201,1,0,43.4,25.48
43201,2,0,37.17,25.48
43201,3,0,41.07,25.48
43201,4,0,36.16,25.48
43201,5,0,40.24,25.48
43201,6,0,43.43,25.48
43201,7,0,39.0,25.48
43201,8,0,48.64,25.48
43201,9,0,42.27,25.48
43201,10,0,37.04,25.48
43201,11,0,44.85,25.48
43201,12,0,49.66,25.48
43201,13,0,36.55,25.48
43201,14,0,45.67,25.48
43201,15,0,40.82,25.48
43201,16,0,43.89,25.48
43201,17,0,40.39,25.48
43201,18,0,47.14,25.48
43201,19,0,43.89,25.48
43201,20,0,48.59,25.48
77002,1,0,47.86,10.14
77002,2,0,50.59,10.14
77002,3,0,44.53,10.14
77002,4,0,59.53,10.14
77002,5,0,57.76,10.14
77002,6,0,58.8,10.14
77002,7,0,57.12,10.14
77002,8,0,51.01,10.14
77002,9,0,52.92,10.14
77002,10,0,54.19,10.14
77002,11,0,54.7,10.14
77002,12,0,50.55,10.14
77002,13,0,50.67,10.14
77002,14,0,50.36,10.14
77002,15,0,53.35,10.14
77002,16,0,53.93,10.14
77002,17,0,53.8,10.14
77002,18,0,56.17,10.14
77002,19,0,51.53,10.14
77002,20,0,53.38,10.14
06106,1,0,54.76,32.2
06106,2,0,59.76,32.2
06106,3,0,58.16,32.2
06106,4,0,58.84,32.2
06106,5,0,55.29,32.2
06106,6,0,58.48,32.2
06106,7,0,56.29,32.2
06106,8,0,56.66,32.2
06106,9,0,60.25,32.2
06106,10,0,57.47,32.2
06106,11,0,59.35,32.2
06106,12,0,59.12,32.2
06106,13,0,56.67,32.2
06106,14,0,58.73,32.2
06106,15,0,59.04,32.2
06106,16,0,59.84,32.2
06106,17,0,55.84,32.2
06106,18,0,59.33,32.2
06106,19,0,64.51,32.2
06106,20,0,63.35,32.2
97205,1,0,36.36,25.48
97205,2,0,34.29,25.48
97205,3,0,38.39,25.48
97205,4,0,41.26,25.48
97205,5,0,43.17,25.48
97205,6,0,37.31,25.48
97205,7,0,35.96,25.48
97205,8,0,40.85,25.48
97205,9,0,40.75,25.48
97205,10,0,39.96,25.48
97205,11,0,38.29,25.48
97205,12,0,36.53,25.48
97205,13,0,42.74,25.48
97205,14,0,43.67,25.48
97205,15,0,40.17,25.48
97205,16,0,46.64,25.48
97205,17,0,42.48,25.48
97205,18,0,41.51,25.48
97205,19,0,38.75,25.48
97205,20,0,37.46,25.48
97206,1,0,45.03,33.45
97206,2,0,47.93,33.45
97206,3,0,54.09,33.45
97206,4,0,47.56,33.45
97206,5,0,49.39,33.45
97206,6,0,45.4,33.45
97206,7,0,48.77,33.45
97206,8,0,48.64,33.45
97206,9,0,45.83,33.45
97206,10,0,52.95,33.45
97206,11,0,48.79,33.45
97206,12,0,52.77,33.45
97206,13,0,49.75,33.45
97206,14,0,48.99,33.45
97206,15,0,47.9,33.45
97206,16,0,49.46,33.45
97206,17,0,55.17,33.45
97206,18,0,48.34,33.45
97206,19,0,53.3,33.45
97206,20,0,50.63,33.45
89104,1,0,53.51,14.44
89104,2,0,52.62,14.44
89104,3,0,48.27,14.44
89104,4,0,53.03,14.44
89104,5,0,59.29,14.44
89104,6,0,53.98,14.44
89104,7,0,56.1,14.44
89104,8,0,54.47,14.44
89104,9,0,56.21,14.44
89104,10,0,51.95,14.44
89104,11,0,54.01,14.44
89104,12,0,57.27,14.44
89104,13,0,53.85,14.44
89104,14,0,58.38,14.44
89104,15,0,52.41,14.44
89104,16,0,55.86,14.44
89104,17,0,55.17,14.44
89104,18,0,64.13,14.44
89104,19,0,55.31,14.44
89104,20,0,58.0,14.44
30307,1,0,59.05,24.49
30307,2,0,61.79,24.49
30307,3,0,66.47,24.49
30307,4,0,65.03,24.49
30307,5,0,65.35,24.49
30307,6,0,65.37,24.49
30307,7,0,66.05,24.49
30307,8,0,61.74,24.49
30307,9,0,66.87,24.49
30307,10,0,66.74,24.49
30307,11,0,70.86,24.49
30307,12,0,70.43,24.49
30307,13,0,59.7,24.49
30307,14,0,66.25,24.49
30307,15,0,74.12,24.49
30307,16,0,71.69,24.49
30307,17,0,70.71,24.49
30307,18,0,67.99,24.49
30307,19,0,71.99,24.49
30307,20,0,65.48,24.49
28207,1,0,49.67,11.97
28207,2,0,52.66,11.97
28207,3,0,53.71,11.97
28207,4,0,52.8,11.97
28207,5,0,53.6,11.97
28207,6,0,53.17,11.97
28207,7,0,52.0,11.97
28207,8,0,57.23,11.97
28207,9,0,59.02,11.97
28207,10,0,53.58,11.97
28207,11,0,50.47,11.97
28207,12,0,53.55,11.97
28207,13,0,54.78,11.97
28207,14,0,48.16,11.97
28207,15,0,59.06,11.97
28207,16,0,53.4,11.97
28207,17,0,53.09,11.97
28207,18,0,54.82,11.97
28207,19,0,54.68,11.97
28207,20,0,56.53,11.97
07104,1,0,59.95,28.17
07104,2,0,61.67,28.17
07104,3,0,60.48,28.17
07104,4,0,55.54,28.17
07104,5,0,58.31,28.17
07104,6,0,59.21,28.17
07104,7,0,60.08,28.17
07104,8,0,60.89,28.17
07104,9,0,59.92,28.17
07104,10,0,59.69,28.17
07104,11,0,62.94,28.17
07104,12,0,60.08,28.17
07104,13,0,63.61,28.17
07104,14,0,63.44,28.17
07104,15,0,65.62,28.17
07104,16,0,62.18,28.17
07104,17,0,66.12,28.17
07104,18,0,61.14,28.17
07104,19,0,63.35,28.17
07104,20,0,64.87,28.17
28203,1,0,55.2,17.84
28203,2,0,57.32,17.84
28203,3,0,56.76,17.84
28203,4,0,58.85,17.84
28203,5,0,57.69,17.84
28203,6,0,59.87,17.84
28203,7,0,59.58,17.84
28203,8,0,59.24,17.84
28203,9,0,60.79,17.84
28203,10,0,58.56,17.84
28203,11,0,58.28,17.84
28203,12,0,57.55,17.84
28203,13,0,56.03,17.84
28203,14,0,59.62,17.84
28203,15,0,63.54,17.84
28203,16,0,61.59,17.84
28203,17,0,62.48,17.84
28203,18,0,61.49,17.84
28203,19,0,68.77,17.84
28203,20,0,63.73,17.84
53202,1,0,20.74,18.74
53202,2,0,19.53,18.74
53202,3,0,28.11,18.74
53202,4,0,19.03,18.74
53202,5,0,21.11,18.74
53202,6,0,21.38,18.74
53202,7,0,23.92,18.74
53202,8,0,25.35,18.74
53202,9,0,24.75,18.74
53202,10,0,23.72,18.74
53202,11,0,20.88,18.74
53202,12,0,30.91,18.74
53202,13,0,26.39,18.74
53202,14,0,27.57,18.74
53202,15,0,24.1,18.74
53202,16,0,25.5,18.74
53202,17,0,30.17,18.74
53202,18,0,20.3,18.74
53202,19,0,29.47,18.74
53202,20,0,26.7,18.74
19104,1,0,52.05,19.76
19104,2,0,56.06,19.76
19104,3,0,49.9,19.76
19104,4,0,43.49,19.76
19104,5,0,48.58,19.76
19104,6,0,52.16,19.76
19104,7,0,57.33,19.76
19104,8,0,51.48,19.76
19104,9,0,57.55,19.76
19104,10,0,46.2,19.76
19104,11,0,51.92,19.76
19104,12,0,56.81,19.76
19104,13,0,56.79,19.76
19104,14,0,48.36,19.76
19104,15,0,51.97,19.76
19104,16,0,54.34,19.76
19104,17,0,53.02,19.76
19104,18,0,58.79,19.76
19104,19,0,55.58,19.76
19104,20,0,51.47,19.76
